# name	slug
Doseles y gazebos	jardin-exteriores
Dremel	herramientas-electricas
Drones	camaras-drones
Duchas, Brazos y Electroduchas	plomeria
Ductos	climatizacion
DULCERIA	dulces-chocolates
Dulces	dulces-chocolates
Dulces de temporada	dulces-chocolates
Dulces y Chocolates	dulces-chocolates
Dulces, chocolates y chicles	dulces-chocolates
Duplo®	bloques-construccion
Duraznos y melocotones	frutas-frescas
Educación y capacitación	libros
Ejecutiva	muebles-oficina
Ejercicio	accesorios-fitness-y-ejercicio
Ejercicio y movilidad	accesorios-fitness-y-ejercicio
Eléctricas	herramientas-electricas
Electricidad	electricidad
Electro Days	-
Electro mayor	-
Electro menor	electrodomesticos-cocina
Electrodoméstico	-
Electrodomesticos	-
Electrodos	soldadura
Electrolitos	salud-digestiva
Electrónica	-
Electrónica analógica	componentes-electronicos
Electrónica de potencia	componentes-electronicos
Electrónica digital	componentes-electronicos
Electrónicos	-
Elementos de escritura	escritura-correccion
Eliminadores de Humedad	climatizacion
Eliminadores y fuentes de poder	cables-adaptadores
Elípticas	maquinas-cardio-gimnasio
Elotes	verduras-hortalizas
Embutidos	embutidos-jamones
Embutidos y Carnes Frías	embutidos-jamones
Emergencias	primeros-auxilios
Empacados	comidas-preparadas
Empanizadores	harinas-mezclas-reposteria
Empaque	utiles-escolares-oficina
Empaques	plomeria
En Polvo	gaseosas-refrescos
Encendedores	tabaco
Enchape para Pared	materiales-construccion
Enchufes	electricidad
Enciende la ilusión	-
Encuadernado y suministros	utiles-escolares-oficina
Endulzantes	azucar-endulzantes-especias
ENERGÍA	energia-respaldo
Energía alternativa e inversores de energía	energia-respaldo
Energia solar	energia-respaldo
Energizante	bebidas-energeticas-isotonicas
ENERGIZANTES	bebidas-energeticas-isotonicas
Energizantes e Hidratantes	bebidas-energeticas-isotonicas
Enfriadores	componentes-pc
Enfriadores BTS	perifericos
Engrapadora Escolar	utiles-escolares-oficina
Engrapadora Oficina	utiles-escolares-oficina
Engrapadoras y Clavadoras	herramientas-electricas
Enjuague bucal	cuidado-bucal
Enjuague oral	cuidado-bucal
Enjuagues	cuidado-bucal
Enlatados	enlatados-conservas
Enlatados y Conservas	enlatados-conservas
Ensaladas	comidas-preparadas
Ensaladas y empacados	comidas-preparadas
Entradas congeladas	congelados
Entradas y Aperitivos	comidas-preparadas
Entrenamiento Físico	accesorios-fitness-y-ejercicio
Entretenimiento	-
Entretenimiento Verano	-
Envase Agua	aguas-purificadas-saborizadas
Envase y termo escolar	utiles-escolares-oficina
Envío Gratis	-
Envíos Gratis	-
Envíos Gratis HN	-
Envoltorio para alimentos	desechables
Envoltorios	desechables
Envolturas para regalo	fiestas
Equipaje	maletas-y-equipaje
Equipaje y Accesorios	maletas-y-equipaje
Equipamiento y suministros eléctricos	electricidad
Equipo	-
Equipo centro copiado	impresoras
Equipo de cardio	maquinas-cardio-gimnasio
Equipo de corte	herramientas-electricas
Equipo de estampado	impresoras
Equipo de Fuerza	pesas-y-equipos-de-fuerza
Equipo de Medición	medicion
Equipo de sublimación	impresoras
Equipo eléctrico para jardín	jardin-exteriores
Equipo Estacionario	herramientas-electricas
Equipo Médico	equipo-medico
Equipo para DJ y karaoke	audio
Equipo para karaoke	audio
Equipo para levantamiento de pesas	pesas-y-equipos-de-fuerza
Equipo para masajes	cuidado-personal-electrico
Equipo para movilidad	equipo-medico
Equipo y Cable de Red	redes
Equipo y Cables de Red	redes
Equipo y Material Médico	equipo-medico
Equipo y suministros para campamento	camping
EQUIPOS DE COCINA	accesorios-para-cocina
Equipos de Medición	medicion
Equipos de Sonido	audio
Equipos deportivos	-
Escaleras	almacenamiento-taller
Escáner pc	impresoras
Escáner pos	punto-de-venta
Escáners	impresoras
Escobas y Cepillos	utensilios-limpieza
Escobas y trapeadores	utensilios-limpieza
Escobas, Cepillos y Escurridores de Piso	utensilios-limpieza
Escolar	utiles-escolares-oficina
Escolar y Oficina	-
Escritorios	muebles-oficina
Escritorios ejecutivo	muebles-oficina
Escritorios gaming	muebles-oficina
Escritorios para oficina	muebles-oficina
Escritorios secretarial	muebles-oficina
Escritorios soho	muebles-oficina
Escritorios y Muebles de Oficina	muebles-oficina
Escritura	escritura-correccion
Escuadras Soportes y Repisas	fijacion-herrajes
Esferas Navidad	navidad
Esmaltes y manicure	maquillaje-cosmetologia
Esmeril y Pulidora	herramientas-electricas
Espaciadores	materiales-construccion
Esparragos	verduras-hortalizas
Espatulas y cucharas	accesorios-para-cocina
ESPECIALIDADES	-
Especialidades y Otros	-
Especializados	-
Especias	azucar-endulzantes-especias
Especias y Sazonadores	azucar-endulzantes-especias
Espejos	decoracion-muebles
Esponjas	utensilios-limpieza
Estabilizadores- Lluvia	energia-respaldo
Estaciones de Energía y Fuentes de Poder	energia-respaldo
Estaciones Portátiles	energia-respaldo
Estado solido (ssd)	almacenamiento-datos
Estantes	muebles
Estetoscopios y tensiómetros	equipo-medico
Estimulación temprana	juguetes-bebes-estimulacion
Estimuladores	equipo-medico
Estructuras Metalicas	materiales-construccion
Estufa a gas	estufas-hornos
Estufa Eléctrica	estufas-hornos
Estufa Portátil	estufas-hornos
Estufas	estufas-hornos
Estufas de Gas	estufas-hornos
Estufas Eléctricas	estufas-hornos
Estufas y Cilindro de Gas	estufas-hornos
Estufas y hornos	estufas-hornos
Etiquetadora	utiles-escolares-oficina
Etiquetadoras	utiles-escolares-oficina
Etiquetas y viñetas	utiles-escolares-oficina
Evaporada	leche-liquida-polvo
Everlast	disciplinas-deportivas
Exfoliantes	cuidado-facial-corporal
Exprimidores y extractores	electrodomesticos-cocina
Extensiones Eléctricas	electricidad
Extensiones y contactos	electricidad
Extensiones y Multicontactos	electricidad
Extensores de Video	cables-adaptadores
Extensores WIFI	redes
Exteriores	jardin-exteriores
Extintores	seguridad-industrial
Extractor de Jugos	electrodomesticos-cocina
Extractor de leche	biberones-chupones-accesorios
Extractores	climatizacion
Extractores y Procesadores de alimentos	electrodomesticos-cocina
Fabricadoras de cubitos de hielo	refrigeracion
Fajas y correctores	equipo-medico
Farmacia	-
Ferreteria	-
Ferretería y mejoras al hogar	-
FIBER CORE	componentes-pc
Fibras y esponjas	utensilios-limpieza
Fiesta y piñatería	fiestas
Figuras	munecas-figuras-vehiculos
Figuras de acción y coleccionables	munecas-figuras-vehiculos
Filete y Marinados de Cerdo	carne-de-cerdo
Filete y Marinados de Res	carne-de-res
Filete, molida y marinados de pollo	pollo-y-aves
Filetes de Pescado	pescados-mariscos
Filtros para café	cafe-te-modificadores
Filtros solares	cuidado-facial-corporal
Filtros y Purificadores	plomeria
Fisioterapia	equipo-medico
Fitness	accesorios-fitness-y-ejercicio
Fittings	componentes-pc
Floor Mats	accesorios-cuidado-autos
Flotantes para piscina	jardin-exteriores
Focos	iluminacion
Focos Inteligentes	hogar-inteligente
Focos LED	iluminacion
Focos y Refacciones	iluminacion
Focos, Lámparas e Iluminación	iluminacion
Folders	archivo
Folders, sobres y archiveros	archivo
Fontaneria	plomeria
Formon,Gubia	herramientas-manuales
Fórmula para bebé	alimentacion-infantil-formulas
Fórmulas lácteas	alimentacion-infantil-formulas
Fósforos y encendedores	tabaco
Foto y video	camaras-drones
Fragancias	fragancias
Frambuesas	frutas-frescas
Freezers	refrigeracion
Freidoras	electrodomesticos-cocina
Freidoras  de Aire	electrodomesticos-cocina
Freidoras y ollas eléctricas	electrodomesticos-cocina
French Door	refrigeracion
Fresa, frambuesa y moras	frutas-frescas
Fresas	frutas-frescas
Frideras	accesorios-para-cocina
Friends	bloques-construccion
Frigidaire	-
Frijol	arroz-frijoles-semillas
Frijoles enlatados	arroz-frijoles-semillas
Frijoles instantáneos	arroz-frijoles-semillas
Frijoles secos	arroz-frijoles-semillas
Frijoles y Arroz	arroz-frijoles-semillas
Fruta fresca	frutas-frescas
Frutas	frutas-frescas
Frutas congeladas	ensaladas-empacadas
Frutas en Almíbar	enlatados-conservas
Frutas enlatadas	enlatados-conservas
Frutas Secas	snacks-botanas-galletas
Frutas y vegetales	frutas-y-verduras
Frutas y Verdura Congelada	ensaladas-empacadas
Frutas y Verduras	frutas-y-verduras
Frutas y Verduras Frescas	frutas-y-verduras
Frutos secos	snacks-botanas-galletas
Fuentes	componentes-pc
Fuentes de Poder	componentes-pc
Fundas	accesorios-celular
Fundas y Cobertores	accesorios-celular
Fundas, Maletines y Mochilas	bolsos-deportivos-y-maletines
Fusibles	electricidad
Fusibles Automotrices	repuestos-y-mantenimiento
Fusibles y Bujias	repuestos-y-mantenimiento
Fusibles y Portafusibles	electricidad
Fusilli	pastas-salsas
Fútbol	disciplinas-deportivas
Futbolin	juegos-de-mesa-rompecabezas
Gabinetes	componentes-pc
Gabinetes para almacenamiento	almacenamiento-taller
Gabinetes y estantes para el garage	almacenamiento-taller
Gabinetes y rack	redes
Gabinetes, Alacenas Y Estantes	muebles
Gadgets	curiosidades
Gafas de lectura	lentes-y-gorras
Gafete	utiles-escolares-oficina
Gafetes y porta gafetes	utiles-escolares-oficina
Galletas Dulces	snacks-botanas-galletas
Galletas horneadas	snacks-botanas-galletas
Galletas Integrales	snacks-botanas-galletas
Galletas saladas	snacks-botanas-galletas
GALLETAS Y BOTANAS	snacks-botanas-galletas
Galletas, postres, y helados	snacks-botanas-galletas
Gamers	videojuegos
Gaming	videojuegos
Ganchos para Ropa	detergentes-suavizantes
Gas	soldadura
Gasas	primeros-auxilios
Gaseosas	gaseosas-refrescos
Gatos	alimento-para-gatos
Gatos Hidraulicos	repuestos-y-mantenimiento
Gatos, elevadores y soportes para automóvil	repuestos-y-mantenimiento
Gel, mousse y spray	cuidado-del-cabello
Gelatinas y Flan	harinas-mezclas-reposteria
GELATINAS Y FLANES	harinas-mezclas-reposteria
Geles y cremas de afeitar	afeitado-depilacion
Generadores	maquinaria
Generadores de energía	maquinaria
Generadores de Tono (Pollos) y Probadores de Cable	redes
Gimnasio y Deportes	deportes-y-fitness
Gin	whisky-vodka-ginebra
Ginebra	whisky-vodka-ginebra
Glucometros	equipo-medico
Golosinas para Halloween	dulces-chocolates
Goma, Pegamentos y Adhesivos	utiles-escolares-oficina
Gomas Pegamentos	utiles-escolares-oficina
Gomas y Pegamentos	utiles-escolares-oficina
Gomas y sacapuntas	escritura-correccion
Gomitas	dulces-chocolates
Gorras	lentes-y-gorras
Gotas y lubricantes	medicamentos
Grabadoras de voz	audio
Grabadores CCTV (DVR)	seguridad-vigilancia
gracias	-
Gran Electro	-
Granola	cereales-avenas-barras
Granos Basicos	arroz-frijoles-semillas
GRANOS HARINAS Y PASTAS	abarrotes
Granos y pasta	arroz-frijoles-semillas
Grapas	utiles-escolares-oficina
Grifos y Valvulas	plomeria
Grill y horno	electrodomesticos-cocina
Gripe, Tos y Alergias	gripe-tos-resfriado
Gripe, Tos y Resfriado	gripe-tos-resfriado
Guantes	seguridad-industrial
Guantes y mascarillas	seguridad-industrial
Guarniciones	comidas-preparadas
Guarniciones congeladas	congelados
Guisar y vísceras	carne-de-res
Habitación	puericultura-coches-sillas
Hacha	herramientas-manuales
HamiltonBeach	-
Harina	harinas-mezclas-reposteria
Harina de Trigo y Maíz	harinas-mezclas-reposteria
Harinas	harinas-mezclas-reposteria
Harinas y Pastas	pastas-salsas
Harinas y Repostería	harinas-mezclas-reposteria
Harvest	-
Hasta 36	-
Headsets	audio
Helado	congelados
Helados	congelados
Hemorroides/Varices	salud-digestiva
Herméticos y Refractarios	accesorios-para-cocina
Herrajes	fijacion-herrajes
Herramienta Amarre	fijacion-herrajes
Herramienta eléctrica	herramientas-electricas
Herramienta manual	herramientas-manuales
Herramienta Multipropositos	herramientas-manuales
Herramienta para Enderezado	repuestos-y-mantenimiento
Herramienta para Jardineria	jardin-exteriores
Herramienta para Mecanica	repuestos-y-mantenimiento
Herramientas	herramientas-manuales
Herramientas Agricolas	jardin-exteriores
Herramientas Combinadas	herramientas-electricas
Herramientas de arte y dibujo	arte-manualidades
Herramientas de Medicion	medicion
Herramientas de oficina	utiles-escolares-oficina
Herramientas de red	redes
Herramientas eléctricas	herramientas-electricas
Herramientas manuales	herramientas-manuales
Herramientas múltiples	herramientas-manuales
Herramientas Neumaticas	herramientas-electricas
Herramientas para Electricidad	electricidad
Herramientas para Fontaneria	plomeria
Herramientas para Madera	herramientas-manuales
Herramientas para Maquinado	herramientas-electricas
Herramientas para proyectos	componentes-electronicos
Herramientas para Redes	redes
Herramientas para usar en exteriores	jardin-exteriores
Herramientas rotativas	herramientas-electricas
Hidratación	bebidas-energeticas-isotonicas
Hidratante	cuidado-facial-corporal
Hidrolavadoras	maquinaria
Hielera	camping
Hieleras	camping
Hielo	hielo-mezcladores
Hielo Empacado	hielo-mezcladores
Hierba Medicinal-Organico	vitaminas-suplementos
Hígado	carne-de-res
Higiene bucal	cuidado-bucal
Higiene bucal para niños	cuidado-bucal
HIGIENE CORPORAL	jabones-geles-bano
Higiene del hogar	limpiadores-desinfectantes
Higiene femenina	higiene-femenina
Higiene personal	jabones-geles-bano
HIGIENE Y ACCESORIOS	higiene-cuidado-mascotas
Higiene y Belleza	-
Higiene y Grooming	higiene-cuidado-mascotas
HIGIENE Y SALUD	jabones-geles-bano
Hilo dental y artículos especializados	cuidado-bucal
Hipertensión	medicamentos
Hipotensión	medicamentos
Hisopos y bolitas de Algodón	jabones-geles-bano
Hockey	disciplinas-deportivas
Hogar	-
Hogar Inteligente	hogar-inteligente
HOGAR Y COCINA	-
Hogar y Decoración	decoracion-muebles
Hogazas de pan	panaderia-reposteria
Hojas	cuadernos-libretas-hojas
Hojas para Folder	cuadernos-libretas-hojas
Hombre	ropa-masculina
HONDURAS	-
Hongos Frescos	verduras-hortalizas
Hongos, brócolis y espárragos	verduras-hortalizas
Honor	telefonos-celulares
Horizontales	refrigeracion
Hormonas	medicamentos
Hornito Tostador	electrodomesticos-cocina
Hornos	estufas-hornos
Hornos de Microondas y Tostadores	electrodomesticos-cocina
Hot Cakes y Wafles	congelados
Hot dogs	embutidos-jamones
HP	computadoras
Hubs (concentrador) USB	cables-adaptadores
Huevo	huevos
Huevos	huevos
Hules	utiles-escolares-oficina
Humidificadores	climatizacion
Humidificadores y deshumidificadores	climatizacion
Humidificadores y Difusores de aromas	climatizacion
ICE CREAM	congelados
Ideas	-
Iluminacion	iluminacion
Imanes	utiles-escolares-oficina
Impermeabilizantes	pintura-brochas
Impermeabilizantes y silicones	pintura-brochas
Implementos y utensilios de cocina	accesorios-para-cocina
Impresión de circuitos y accesorios	componentes-electronicos
Impresoras	impresoras
Impresoras de Flujo Continuo	impresoras
Impresoras de inyección de tinta	impresoras
Impresoras Laser	impresoras
Impresoras matricial	impresoras
Impresoras punto de venta	punto-de-venta
Impresoras y Etiquetadoras	impresoras
Impresoras y Tintas	impresoras
Impresoras, Multifuncionales y Scanners	impresoras
In Ear	audio
Incontinencia	cuidado-adulto
Incontinencia urinaria	cuidado-adulto
Index card	cuadernos-libretas-hojas
Infantil y Juvenil Libros	libros
Inflables Navidad	navidad
Infladores de llantas	repuestos-y-mantenimiento
Infladores y Accesorios	jardin-exteriores
Infusiones y café	cafe-te-modificadores
Inmovilizadores y férulas	equipo-medico
Inmovilizadores y Soporte	equipo-medico
Inodoros, Lavabos y Pedestales	plomeria
Insecticidas ,Repelentes	insecticidas-ambientadores
Insecticidas y Trampas	insecticidas-ambientadores
Instrumental quirúrgico	equipo-medico
Instrumento de Dibujo	arte-manualidades
Instrumento Dibujo	arte-manualidades
Instrumentos de dibujo	arte-manualidades
Instrumentos musicales	instrumentos-musicales
Insumo y suministro	utiles-escolares-oficina
Intel	componentes-pc
Interruptores	electricidad
Intex	jardin-exteriores
Inversores de Potencia	energia-respaldo
Inversores para Auto	audio-auto
Invierte tu 14avo	-
Invitación y recuerdo	fiestas
Invitación y regalos	fiestas
IPad y Tablet	tablets
Iphone	telefonos-celulares
Isotónicas	bebidas-energeticas-isotonicas
Jabón	jabones-geles-bano
Jabón de Barra	jabones-geles-bano
Jabón de lavandería	detergentes-suavizantes
Jabón líquido	jabones-geles-bano
Jabón y gel corporal	jabones-geles-bano
Jabones	jabones-geles-bano
Jaleas y untables	cereales-avenas-barras
Jamón y Mortadela	embutidos-jamones
Jamones	embutidos-jamones
Jarabe de adulto	gripe-tos-resfriado
Jarabe niños	gripe-tos-resfriado
Jarabes para saborizar	cafe-te-modificadores
Jarabes y Expectorantes	gripe-tos-resfriado
Jarabes y Expectorantes niños	gripe-tos-resfriado
Jardín y Exteriores	jardin-exteriores
JARDINERIA	jardin-exteriores
Jardinería y Exteriores	jardin-exteriores
Jarras eléctricas	electrodomesticos-cocina
Jarros y botellas de agua para viajes	accesorios-mesa-vajillas
Jaula	otras-mascotas
Jeans para hombres	ropa-masculina
Jeans para mujeres	ropa-femenina
Jeringas/Agujas	equipo-medico
Joyeria infantil	relojes-y-joyeria
Juego de mesa	juegos-de-mesa-rompecabezas
Juegos de comedor	muebles
Juegos de Desarmadores	herramientas-manuales
Juegos de destornilladores	herramientas-manuales
Juegos de herramientas	herramientas-manuales
Juegos de imitación y roles	juegos-imitacion
Juegos de mesa	juegos-de-mesa-rompecabezas
Juegos de mesa, cartas y rompecabezas	juegos-de-mesa-rompecabezas
Juegos de Salón	juegos-de-mesa-rompecabezas
Juegos Educativos	juguetes-educativos
Juegos familiares	juegos-de-mesa-rompecabezas
Juegos para exteriores	juguetes-exterior-aire-libre
Juegos Salon	juegos-de-mesa-rompecabezas
Jugo de Frutas	jugos-nectares
Jugo de Verduras	jugos-nectares
Jugos	jugos-nectares
Jugos y Bebidas	jugos-y-bebidas
Jugos y Néctares	jugos-nectares
Jugos/Té	jugos-nectares
Jugueras	electrodomesticos-cocina
Juguete de bebe	juguetes-bebes-estimulacion
Juguete de imaginación	juegos-imitacion
Juguete educativo	juguetes-educativos
Juguete electrónico	munecas-figuras-vehiculos
Juguete para exterior	juguetes-exterior-aire-libre
Jugueteria	-
Juguetes	-
Juguetes de construcción y para armar	bloques-construccion
Juguetes de gatos	alimento-para-gatos
Juguetes de perros	alimento-para-perros
Juguetes educativos	juguetes-educativos
Juguetes exterior	juguetes-exterior-aire-libre
Juguetes Montessori	juguetes-educativos
Juguetes musicales	juguetes-bebes-estimulacion
Juguetes para actividades	juguetes-exterior-aire-libre
Juguetes para arena%2Fagua	juguetes-exterior-aire-libre
Juguetes para artes y manualidades	arte-manualidades
Juguetes para bebé	juguetes-bebes-estimulacion
Juguetes para bebe y estimulación temprana	juguetes-bebes-estimulacion
Juguetes para bebes	juguetes-bebes-estimulacion
Juguetes para exterior	juguetes-exterior-aire-libre
Juguetes para exteriores	juguetes-exterior-aire-libre
Juguetes para gatos	alimento-para-gatos
Juguetes para perros	alimento-para-perros
Juguetes y juegos	-
Jumpers de fibra óptica	redes
Karcher	maquinaria
KIELSA Promocionales	articulos-promocionales-e-impulso
KitchenAid	electrodomesticos-cocina
Kits de viaje	maletas-y-equipaje
Kits Educativos	juguetes-educativos
Kits Escolares	utiles-escolares-oficina
Kits para armar	bloques-construccion
Labiales y brillos	maquillaje-cosmetologia
Labios	maquillaje-cosmetologia
LACTEOS	lacteos-y-huevos
Lacteos Derivados y Huevos	lacteos-y-huevos
Lácteos y Huevos	lacteos-y-huevos
Laminado y suministros	utiles-escolares-oficina
Laminas Aglomeradas	materiales-construccion
Laminas En Esponja	arte-manualidades
Laminas Metalicas	materiales-construccion
Laminas Plasticas	materiales-construccion
Lámparas	iluminacion
Lámparas con Lupa	iluminacion
Lamparas de Mesa	iluminacion
Lamparas de techo, mesa y pared	iluminacion
Lámparas y Linternas	iluminacion
Lámparas- Lluvia	iluminacion
Lapiceras	utiles-escolares-oficina
Lapiceros	escritura-correccion
Lapiceros y correctores	escritura-correccion
Lapices Color	escritura-correccion
Lápices de Color	escritura-correccion
Lapices y colores	escritura-correccion
Lápices y lapiceros	escritura-correccion
Lápices y Teclados	escritura-correccion
Lapiz de color	escritura-correccion
Lapiz Grafito	escritura-correccion
Lápiz grafito dibujo técnico	escritura-correccion
Lapiz, Boligrafo y Plumas	escritura-correccion
Laptop	computadoras
Laptops	computadoras
Laptops Gaming	computadoras
Laptops nuevas	computadoras
Laptops remanufacturadas	computadoras
Laptops y Computadoras de Escritorio	computadoras
LaTiendaDeLosCapitalinos	-
Lavadora	lavado-secado
Lavadoras	lavado-secado
Lavadoras de ropa	lavado-secado
Lavadoras Front Load	lavado-secado
Lavadoras Top Load	lavado-secado
Lavadoras y Secadoras	lavado-secado
Lavamanos	plomeria
Lavanderia	detergentes-suavizantes
Lavaplatos	lavaplatos-desengrasantes
Lavaplatos en polvo y en pasta	lavaplatos-desengrasantes
Lavaplatos líquido	lavaplatos-desengrasantes
Lavavajillas	estufas-hornos
Laxantes y Fibra	salud-digestiva
Leche	leche-liquida-polvo
Leche de Soya	leche-liquida-polvo
Leche Deslactosada	leche-liquida-polvo
Leche Entera	leche-liquida-polvo
Leche Especializada	leche-liquida-polvo
LECHE NO LACTEA	leche-liquida-polvo
Leche Saborizada	leche-liquida-polvo
Leche Semi y Descremada	leche-liquida-polvo
Leches Infantiles	alimentacion-infantil-formulas
Lechuga	verduras-hortalizas
Lechugas, espinacas y hojas verdes	verduras-hortalizas
Lectores de código de barras	punto-de-venta
Lectura	libros
Leggings para mujeres	ropa-femenina
Lego	bloques-construccion
Leguminosas	arroz-frijoles-semillas
Lentes	lentes-y-gorras
Lentes &  lentilla (lente de contacto)	medicamentos
Lentes de sol	lentes-y-gorras
Lentes para lectura	lentes-y-gorras
LG	-
Libreria	-
Libretas	cuadernos-libretas-hojas
Libro de actividades	libros
Libros	libros
Libros Administrativos	utiles-escolares-oficina
Libros de colorear y actividades	libros
Libros de lectura	libros
Libros educativos	libros
Libros Infantiles y Juveniles	libros
Libros y Revistas	libros
Libros, Cuentos y Laminas Educativas	libros
Licencias	software
Licor	cervezas-vinos-licores
Licor, cerveza y vino	cervezas-vinos-licores
Licores	cervezas-vinos-licores
LICORES POR CAJA	cervezas-vinos-licores
Licuadora y procesadoras	electrodomesticos-cocina
Licuadoras	electrodomesticos-cocina
Licuadoras y batidoras	electrodomesticos-cocina
Lienzos y superficies	arte-manualidades
Light y Sin Azúcar	gaseosas-refrescos
Lightning	accesorios-celular
Lijadoras	herramientas-electricas
Lijas	herramientas-electricas
Limas	herramientas-manuales
Limón y cítricos	frutas-frescas
Limpiadores	limpiadores-desinfectantes
Limpiadores de Cocina	lavaplatos-desengrasantes
Limpiadores de vidrios	limpiadores-desinfectantes
Limpiadores Multiusos	limpiadores-desinfectantes
Limpiadores para inodoro	limpiadores-desinfectantes
Limpiadores para la encimera	lavaplatos-desengrasantes
Limpiadores para todo propósito	limpiadores-desinfectantes
Limpiadores y Desinfectantes	limpiadores-desinfectantes
Limpieza	-
Limpieza del hogar	-
Limpieza e higiene	-
Limpieza y cuidado	limpiadores-desinfectantes
Limpieza y Exteriores para Auto	accesorios-cuidado-autos
Línea blanca	-
Línea de masajes	cuidado-personal-electrico
LÍNEA ESTUDIANTIL	utiles-escolares-oficina
Linternas	iluminacion
Linternas y Accesorios	iluminacion
Liquidación	liquidacion
Líquido Concentrado	gaseosas-refrescos
Líquidos	detergentes-suavizantes
Lista Escolar	utiles-escolares-oficina
Listo para comer	comidas-preparadas
Llamadores y Perillas	fijacion-herrajes
Llantas	repuestos-y-mantenimiento
Llaves de Impacto	herramientas-electricas
Lo mejor de la temporada	-
Lociones y cremas	cuidado-facial-corporal
Lonas protectoras	jardin-exteriores
Loncheras	utiles-escolares-oficina
Los Días Más Baratos del Mundial	-
Los más deseados	-
Loza y Cerámica	accesorios-mesa-vajillas
Lubricantes Íntimos	salud-sexual
Luces Navidad	navidad
Luces navideñas	navidad
Luces para fiesta	fiestas
Lupas	utiles-escolares-oficina
M.2	almacenamiento-datos
Macbooks	computadoras
Macetas	jardin-exteriores
Macetas y elementos para jardinería	jardin-exteriores
Maceteras	jardin-exteriores
Maceteras y flores decorativas	decoracion-muebles
Machetes	herramientas-manuales
Maletas	maletas-y-equipaje
Maletines	bolsos-deportivos-y-maletines
Maletines, Mochilas y Fundas	bolsos-deportivos-y-maletines
Mallas y Alambres	materiales-construccion
Mamelucos	ropa-bebe
Mancuernas	pesas-y-equipos-de-fuerza
Manga y Cómics	libros
Mangueras	jardin-exteriores
Mangueras y Accesorios	jardin-exteriores
Maní y otras semillas	snacks-botanas-galletas
Manicure y Pedicure	maquillaje-cosmetologia
Mantas	camas-colchones-blancos
Mantas y cobertores	camas-colchones-blancos
Manteca	aceites-mantecas-aderezos
Mantel, Indivuales y Mantas	textil-hogar
Manteles y Tapetes	textil-hogar
Mantequilla y margarina	mantequilla-margarina
Mantequillas	mantequilla-margarina
Mantequillas y margarinas	mantequilla-margarina
Manualidades	arte-manualidades
Manzanas	frutas-frescas
Maquillaje y herramientas	maquillaje-cosmetologia
Máquina de Helado	electrodomesticos-cocina
Máquina para remar	maquinas-cardio-gimnasio
Máquinas con pesas	maquinas-cardio-gimnasio
Máquinas de coser	electrodomesticos-cocina
Máquinas de costurar	electrodomesticos-cocina
Máquinas de ejercicio	maquinas-cardio-gimnasio
Maquinas Estacionarias	herramientas-electricas
Máquinas para Cortar el Cabello o Afeitar	cuidado-personal-electrico
Máquinas para hacer palomitas de maíz	electrodomesticos-cocina
Maquinas Portatiles	herramientas-electricas
Marca ONNA	-
Marcador acrílico	escritura-correccion
Marcador de pizarra	escritura-correccion
Marcador permanente	escritura-correccion
Marcadores	escritura-correccion
Marcadores arte y diseño	arte-manualidades
Marcadores escolar	escritura-correccion
Marcadores Escolares	escritura-correccion
Marcadores y resaltadores	escritura-correccion
Marco Empotrable	iluminacion
Marcos	decoracion-muebles
Margarinas	mantequilla-margarina
MARIO DAY	-
Mariscos	pescados-mariscos
Mariscos congelados	pescados-mariscos
Mariscos enlatados	pescados-mariscos
Mariscos y pescado	pescados-mariscos
Mariscos y Pescados	pescados-mariscos
Marrón	-
Martillos y Almadanas	herramientas-manuales
Más Quesos	quesos-cremas
Masaje y Relajación	cuidado-personal-electrico
Masajeadores	cuidado-personal-electrico
Masajeadores personales	cuidado-personal-electrico
Masajes	cuidado-personal-electrico
Mascota	-
Mascotas	-
Masilla y Adhesivos	pintura-brochas
Masking tape	utiles-escolares-oficina
Match en Pareja	-
Material de costura	arte-manualidades
Material de publicidad y rotulación	rotulacion-y-exhibicion
Material Desechable	equipo-medico
Material Didactico	juguetes-educativos
Material didáctico	juguetes-educativos
Material Empaque Frutas	desechables
Material para manualidades	arte-manualidades
Materiales para Pintar	arte-manualidades
Mayonesa	aceites-mantecas-aderezos
Medias para hombres	ropa-interior-y-pijamas
Medias para mujeres	ropa-interior-y-pijamas
Medias y calcetines	ropa-interior-y-pijamas
Medicamentos	medicamentos
Medicina deportiva	equipo-medico
Medidores	medicion
Medidores de Distancias	medicion
Medidores de Presion	medicion
Megáfonos	audio
Mejor en Diunsa	-
Memoria	almacenamiento-datos
Memoria micro sd 128gb	almacenamiento-datos
Memoria micro sd 32gb	almacenamiento-datos
Memoria micro sd 64gb con adaptador	almacenamiento-datos
Memoria usb 16gb	almacenamiento-datos
Memoria usb 32 gb negro/azul	almacenamiento-datos
Memoria usb 32gb	almacenamiento-datos
Memoria usb 64gb	almacenamiento-datos
Memorias	almacenamiento-datos
Memorias micro sd	almacenamiento-datos
Memorias ram	componentes-pc
Memorias usb	almacenamiento-datos
Memorias USB y SD	almacenamiento-datos
Menaje de Cristal y Vidrio	accesorios-mesa-vajillas
Menaje de Metal/Madera	accesorios-mesa-vajillas
Menaje de porcelana y cerámica	accesorios-mesa-vajillas
Menaje sala y comedor	accesorios-para-cocina
Mermelada	cereales-avenas-barras
Mermeladas y Miel	cereales-avenas-barras
Mesa	muebles
Mesas de preparación para cocina	accesorios-para-cocina
Mesas para oficina	muebles-oficina
Mesas para picnic	jardin-exteriores
Mesas y Espejos	muebles
Mesas y Sillas	muebles
Mesitas de living y mesitas de café	muebles
Metabolismo	vitaminas-suplementos
Metas deportivas	-
Mezcladoras,Moldes y Salpicadoras	maquinaria
MEZCLADORES	hielo-mezcladores
Mezclas en polvo	harinas-mezclas-reposteria
Mezclas para hornear	harinas-mezclas-reposteria
Micas y Disipadores	componentes-electronicos
Micro SD 256 GB	almacenamiento-datos
Micrófonos	audio
Micrófonos y Cámaras	audio
Microondas	electrodomesticos-cocina
Microsoft Office	software
Miel	cereales-avenas-barras
Minas	escritura-correccion
Minecraft	bloques-construccion
Mini figuras	munecas-figuras-vehiculos
Mini patinetas	juguetes-exterior-aire-libre
Mini split	climatizacion
Minibar	refrigeracion
Minifiguras	munecas-figuras-vehiculos
Minivegetales	verduras-hortalizas
Mixers	hielo-mezcladores
Mobiliario	muebles
Mobiliario para el patio	jardin-exteriores
Mochilas	utiles-escolares-oficina
Mochilas y demas	utiles-escolares-oficina
Mochilas y fundas	bolsos-deportivos-y-maletines
Mochilas y lapiceras	utiles-escolares-oficina
Mochilas y maletines	bolsos-deportivos-y-maletines
Moda y accesorios	-
Moda y accesorios hombres	ropa-masculina
Moda y accesorios infantiles	ropa-infantil
Moda y accesorios mujer	ropa-femenina
Modo Vacaciones	-
Módulos para proyectos	componentes-electronicos
Molduras y Accesorios	materiales-construccion
Molidas	carne-de-res
Molinillo de Café	electrodomesticos-cocina
Molinos	accesorios-para-cocina
Monitoreo de glucosa	equipo-medico
Monitores	perifericos
Monitores 4K y 5K	perifericos
Monitores BTS	perifericos
Monitores de glucosa	equipo-medico
Monitores de tensión arterial	equipo-medico
Monitores gaming	perifericos
Monitores para computadoras	perifericos
Monitores Ultra Wide	perifericos
Montables, bicicletas y scooters	juguetes-exterior-aire-libre
MONTES	-
Mostrador e impulso	articulos-promocionales-e-impulso
Motores	maquinaria
Motores Acuáticos	maquinaria
Motores para proyectos	componentes-electronicos
Motores y Generadores	maquinaria
Motorola	telefonos-celulares
Motos	motos-y-cuatrimotos
Motos para el Verano	motos-y-cuatrimotos
Motosierras	herramientas-electricas
MotoTaxi	motos-y-cuatrimotos
Mouse	perifericos
Mouse alambricos	perifericos
Mouse BTS	perifericos
Mouse gaming	perifericos
Mouse Inalambricos	perifericos
Mouse Pads	perifericos
Mouse Teclados y Controles	perifericos
Mouse y Teclados	perifericos
Mousepads	perifericos
Movilidad y rehabilitación	equipo-medico
Muebles	muebles
Muebles de Jardín	jardin-exteriores
Muebles de oficina	muebles-oficina
Muebles Exterior	jardin-exteriores
Muebles para Baño	bano
Muebles para Bar	muebles
Muebles para Cocina	muebles
Muebles para comedor	muebles
Muebles para el dormitorio	muebles
Muebles para jardin	jardin-exteriores
Muebles para Mascotas	juguetes-accesorios-mascotas
Muebles para niños	muebles
Muebles para Oficina	muebles-oficina
Muebles para sala	muebles
Muebles y Camas	muebles
Muffins	panaderia-reposteria
Mujer	ropa-femenina
Multicontactos BTS	electricidad
Multifuncionales	impresoras
Multiherramientas	herramientas-manuales
Multímetros	medicion
Multivitaminas	vitaminas-suplementos
Multivitamínicos Adulto	vitaminas-suplementos
Multivitamínicos y Capsulas Niños	vitaminas-suplementos
Mundial	-
Mundo bebé	-
Mundo de Bebé	-
Muñecas	munecas-figuras-vehiculos
Muñecos bebés	munecas-figuras-vehiculos
Muñecos de peluche	munecas-figuras-vehiculos
Muñecos y figuras de acción	munecas-figuras-vehiculos
Musculación	pesas-y-equipos-de-fuerza
Musculos/Articulaciones/Hueso	analgesicos-antiinflamatorios
Naranja, Limón y cítricos	frutas-frescas
Naranjas	frutas-frescas
Natación	disciplinas-deportivas
Nauseas y vómito	salud-digestiva
Navajas y Cuchillos	herramientas-manuales
Navidad	navidad
Nebulizadores	equipo-medico
Nebulizadores y succionadores	equipo-medico
Néctar	jugos-nectares
Nevera, Hieleras y Termos	camping
Niñas	ropa-infantil
Ninjago	bloques-construccion
Niños	ropa-infantil
Nintendo	videojuegos
NO ALIMENTOS	-
No Break-Lluvia	energia-respaldo
NO PERECEDEROS	abarrotes
Notas adhesivas	utiles-escolares-oficina
Nueces y Almendras	snacks-botanas-galletas
Nueces y semillas	snacks-botanas-galletas
NUEVO	-
Nuevos	-
Nutrición	vitaminas-suplementos
Nutrición Deportiva	nutricion-deportiva
o carga	-
Ofertas Calientes	-
Ofertas Televisores	tv-video
Ofertas Verano	-
Oficina	-
Oftalmológicos	medicamentos
Ollas arroceras y de cocción	electrodomesticos-cocina
Ollas de Presión	accesorios-para-cocina
Ollas para cocinar arroz	electrodomesticos-cocina
Ollas y cacerolas	accesorios-para-cocina
Ollas y Frideras	accesorios-para-cocina
Ollas, Baterías y Sartenes	accesorios-para-cocina
Omega 3	vitaminas-suplementos
On Ear	audio
Oncológicos	medicamentos
Ondulador de Cabello	cuidado-personal-electrico
One Piece TCG	coleccionables-tcg
One Piece TCG · Accesorios	coleccionables-tcg
One Piece TCG · Booster Box (JP)	coleccionables-tcg
One Piece TCG · Starter Decks	coleccionables-tcg
One Piece TCG · Tins	coleccionables-tcg
Onesies para bebés y niños pequeños	ropa-bebe
ONNA	-
Open Ear	audio
Óptica	lentes-y-gorras
Optoelectrónica	componentes-electronicos
Organización	organizacion-almacenamiento
Organización de Cocina	organizacion-almacenamiento
Organización del hogar	organizacion-almacenamiento
Organización para el garage	almacenamiento-taller
Organización y Almacenamiento	organizacion-almacenamiento
Organizador escolar	utiles-escolares-oficina
Organizador escritorio	utiles-escolares-oficina
Organizador y almacenamiento	organizacion-almacenamiento
Organizadores	organizacion-almacenamiento
Organizadores de armarios	organizacion-almacenamiento
Organizadores de Cables	cables-adaptadores
Organizadores de escritorio	utiles-escolares-oficina
Organizadores de lápices	utiles-escolares-oficina
Organizadores para Vehículo	accesorios-cuidado-autos
Orilladora y Cortagrama	jardin-exteriores
Ortopedia	equipo-medico
